run_id,run_name,task_raw,Task,seed,ood,split,train_damage,eval_damage,wiring_mode,model,test_num,input_bits,hard_accuracy,hard_loss,accuracy,loss
tc1cbhzh,glad-wood-1021,reverse,Bit Reversal,0,in,test,ON,OFF,fixed,gathered_attention,256,12,1.0,0.0003662109957076609,1.0,0.713126540184021
tc1cbhzh,glad-wood-1021,reverse,Bit Reversal,0,in,test,ON,ON,fixed,gathered_attention,256,12,0.9240587949752808,3754.792724609375,0.9240587949752808,340.56842041015625
jaj1lz0g,bumbling-wood-1022,reverse,Bit Reversal,0,in,test,OFF,OFF,fixed,gathered_attention,256,12,1.0,0.0003662109957076609,1.0,0.0003662109957076609
jaj1lz0g,bumbling-wood-1022,reverse,Bit Reversal,0,in,test,OFF,ON,fixed,gathered_attention,256,12,0.8519287109375,7330.6787109375,0.8519287109375,4609.8427734375
om9bo3ht,woven-elevator-1023,reverse,Bit Reversal,1,in,test,ON,OFF,fixed,gathered_attention,256,12,1.0,0.0003662109957076609,1.0,2.1966347694396973
om9bo3ht,woven-elevator-1023,reverse,Bit Reversal,1,in,test,ON,ON,fixed,gathered_attention,256,12,0.9437121152877808,2763.556640625,0.9437121152877808,342.24957275390625
5e9i8e0m,different-water-1024,reverse,Bit Reversal,1,in,test,OFF,OFF,fixed,gathered_attention,256,12,1.0,0.0003662109957076609,1.0,0.0003662109957076609
5e9i8e0m,different-water-1024,reverse,Bit Reversal,1,in,test,OFF,ON,fixed,gathered_attention,256,12,0.835476279258728,8138.07958984375,0.835476279258728,5418.9921875
ai8osequ,young-plant-1025,add,Binary Addition,0,in,test,ON,OFF,fixed,gathered_attention,256,12,0.919813334941864,3936.314208984375,0.9281277060508728,492.6808776855469
ai8osequ,young-plant-1025,add,Binary Addition,0,in,test,ON,ON,fixed,gathered_attention,256,12,0.8423664569854736,7742.09375,0.8514811396598816,863.6845092773438
zsg7sanm,lyric-glitter-1025,add,Binary Addition,0,in,test,OFF,OFF,fixed,gathered_attention,256,12,0.9648167490959167,1732.0457763671875,0.9644097089767456,208.2186279296875
zsg7sanm,lyric-glitter-1025,add,Binary Addition,0,in,test,OFF,ON,fixed,gathered_attention,256,12,0.7638753652572632,11634.3154296875,0.7638346552848816,3076.34912109375
n3mfwezh,dandy-hill-1027,add,Binary Addition,1,in,test,ON,OFF,fixed,gathered_attention,256,12,0.7910428047180176,10241.5888671875,0.7962374091148376,984.8483276367188
n3mfwezh,dandy-hill-1027,add,Binary Addition,1,in,test,ON,ON,fixed,gathered_attention,256,12,0.776313066482544,10970.083984375,0.779622495174408,1034.3148193359375
a52pgjqu,distinctive-dust-1028,binary_multiply,Binary Multiplication,0,in,test,ON,OFF,fixed,gathered_attention,256,12,0.8067626953125,9521.021484375,0.8099365234375,1007.9874267578125
a52pgjqu,distinctive-dust-1028,binary_multiply,Binary Multiplication,0,in,test,ON,ON,fixed,gathered_attention,256,12,0.7424452304840088,12700.396484375,0.7476670145988464,1398.771484375
uww00kq0,likely-music-1028,binary_multiply,Binary Multiplication,0,in,test,OFF,OFF,fixed,gathered_attention,256,12,0.854546308517456,7161.8212890625,0.8627657890319824,800.1365966796875
uww00kq0,likely-music-1028,binary_multiply,Binary Multiplication,0,in,test,OFF,ON,fixed,gathered_attention,256,12,0.686130166053772,15500.2490234375,0.6874458193778992,4687.82275390625
uyt6mt1e,dark-cloud-1030,add,Binary Addition,1,in,test,OFF,OFF,fixed,gathered_attention,256,12,0.9551731944084167,2208.7314453125,0.9577500820159912,253.2878875732422
uyt6mt1e,dark-cloud-1030,add,Binary Addition,1,in,test,OFF,ON,fixed,gathered_attention,256,12,0.7649332880973816,11590.3740234375,0.7646349668502808,2930.74462890625
f44xza6n,solar-paper-1031,binary_multiply,Binary Multiplication,1,in,test,ON,OFF,fixed,gathered_attention,256,12,0.8163385391235352,9043.2705078125,0.8291558623313904,947.5253295898438
f44xza6n,solar-paper-1031,binary_multiply,Binary Multiplication,1,in,test,ON,ON,fixed,gathered_attention,256,12,0.7523057460784912,12205.6865234375,0.7592231035232544,1317.7540283203125
n9s79h7z,drawn-sound-1032,binary_multiply,Binary Multiplication,1,in,test,OFF,OFF,fixed,gathered_attention,256,12,0.8474799990653992,7517.74365234375,0.8505452871322632,807.2723999023438
n9s79h7z,drawn-sound-1032,binary_multiply,Binary Multiplication,1,in,test,OFF,ON,fixed,gathered_attention,256,12,0.6765679717063904,15973.4453125,0.6758626699447632,4732.44775390625
2u3mdq1i,wandering-music-1033,reverse,Bit Reversal,2,in,test,ON,OFF,fixed,gathered_attention,256,12,1.0,0.0003662109957076609,1.0,5.27584981918335
2u3mdq1i,wandering-music-1033,reverse,Bit Reversal,2,in,test,ON,ON,fixed,gathered_attention,256,12,0.9259440302848816,3639.411865234375,0.9260932207107544,569.4180297851562
cwyeb5aq,jumping-durian-1034,add,Binary Addition,2,in,test,ON,OFF,fixed,gathered_attention,256,12,0.7659505605697632,11468.3740234375,0.776340126991272,998.82421875
cwyeb5aq,jumping-durian-1034,add,Binary Addition,2,in,test,ON,ON,fixed,gathered_attention,256,12,0.753431499004364,12085.2177734375,0.7627632021903992,1070.5052490234375
p4hwwl29,devout-wildflower-1034,reverse,Bit Reversal,2,in,test,OFF,OFF,fixed,gathered_attention,256,12,1.0,0.0003662109957076609,1.0,0.0003662109957076609
p4hwwl29,devout-wildflower-1034,reverse,Bit Reversal,2,in,test,OFF,ON,fixed,gathered_attention,256,12,0.8191189765930176,8906.3515625,0.8191189765930176,5899.36669921875
5yh2ggdv,zany-frog-1036,add,Binary Addition,2,in,test,OFF,OFF,fixed,gathered_attention,256,12,0.9703505039215088,1461.18603515625,0.9706081748008728,183.8948211669922
5yh2ggdv,zany-frog-1036,add,Binary Addition,2,in,test,OFF,ON,fixed,gathered_attention,256,12,0.771742045879364,11242.328125,0.7714437246322632,3354.669677734375
a417014f,astral-pond-1037,binary_multiply,Binary Multiplication,2,in,test,ON,OFF,fixed,gathered_attention,256,12,0.8019206523895264,9761.4892578125,0.8225233554840088,978.8627319335938
a417014f,astral-pond-1037,binary_multiply,Binary Multiplication,2,in,test,ON,ON,fixed,gathered_attention,256,12,0.7411024570465088,12770.111328125,0.7521836757659912,1363.9415283203125
lakbjn7o,giddy-universe-1038,binary_multiply,Binary Multiplication,2,in,test,OFF,OFF,fixed,gathered_attention,256,12,0.814344584941864,9144.271484375,0.8222657442092896,935.65771484375
lakbjn7o,giddy-universe-1038,binary_multiply,Binary Multiplication,2,in,test,OFF,ON,fixed,gathered_attention,256,12,0.6193169951438904,18744.724609375,0.6188558340072632,3719.406982421875
jvecx9in,vague-night-1039,reverse,Bit Reversal,4,in,test,ON,OFF,fixed,gathered_attention,256,12,1.0,0.0003662109957076609,1.0,7.116649627685547
jvecx9in,vague-night-1039,reverse,Bit Reversal,4,in,test,ON,ON,fixed,gathered_attention,256,12,0.9472522139549255,2593.67626953125,0.947726845741272,354.85162353515625
8giwozi2,true-hill-1040,reverse,Bit Reversal,4,in,test,OFF,OFF,fixed,gathered_attention,256,12,1.0,0.0003662109957076609,1.0,0.0003662109957076609
8giwozi2,true-hill-1040,reverse,Bit Reversal,4,in,test,OFF,ON,fixed,gathered_attention,256,12,0.8329671621322632,8247.4560546875,0.8329671621322632,5350.92822265625
g7b8ncqu,summer-dragon-1041,add,Binary Addition,4,in,test,ON,OFF,fixed,gathered_attention,256,12,0.9094917178153992,4446.1552734375,0.9247369170188904,558.9789428710938
g7b8ncqu,summer-dragon-1041,add,Binary Addition,4,in,test,ON,ON,fixed,gathered_attention,256,12,0.8477376699447632,7498.2919921875,0.8680149912834167,830.9635009765625
1qujty00,daily-breeze-1042,add,Binary Addition,4,in,test,OFF,OFF,fixed,gathered_attention,256,12,0.944634199142456,2731.916748046875,0.9454888701438904,294.81378173828125
1qujty00,daily-breeze-1042,add,Binary Addition,4,in,test,OFF,ON,fixed,gathered_attention,256,12,0.7780627012252808,10922.2734375,0.7783339023590088,3459.01220703125
kz4nrq7t,summer-pond-1043,binary_multiply,Binary Multiplication,4,in,test,ON,OFF,fixed,gathered_attention,256,12,0.819797158241272,8867.076171875,0.8333468437194824,996.3783569335938
kz4nrq7t,summer-pond-1043,binary_multiply,Binary Multiplication,4,in,test,ON,ON,fixed,gathered_attention,256,12,0.7532009482383728,12156.8896484375,0.7629124522209167,1344.3756103515625
t7invtta,eternal-donkey-1044,binary_multiply,Binary Multiplication,4,in,test,OFF,OFF,fixed,gathered_attention,256,12,0.8474798202514648,7510.94140625,0.8543700575828552,776.3285522460938
t7invtta,eternal-donkey-1044,binary_multiply,Binary Multiplication,4,in,test,OFF,ON,fixed,gathered_attention,256,12,0.6802300810813904,15790.1162109375,0.6807454824447632,6066.81640625
1cwwrbx3,upbeat-fog-1045,reverse,Bit Reversal,5,in,test,ON,OFF,fixed,gathered_attention,256,12,1.0,0.0003662109957076609,1.0,1.538788080215454
1cwwrbx3,upbeat-fog-1045,reverse,Bit Reversal,5,in,test,ON,ON,fixed,gathered_attention,256,12,0.939710795879364,2974.37744140625,0.939710795879364,323.57470703125
f6v9ax1e,winter-elevator-1046,reverse,Bit Reversal,5,in,test,OFF,OFF,fixed,gathered_attention,256,12,1.0,0.0003662109957076609,1.0,0.0003662109957076609
f6v9ax1e,winter-elevator-1046,reverse,Bit Reversal,5,in,test,OFF,ON,fixed,gathered_attention,256,12,0.8536514043807983,7243.2724609375,0.8536514043807983,4639.552734375
gbcm1ik7,volcanic-elevator-1047,add,Binary Addition,5,in,test,OFF,OFF,fixed,gathered_attention,256,12,0.9477810859680176,2569.1025390625,0.9494086503982544,279.2705078125
gbcm1ik7,volcanic-elevator-1047,add,Binary Addition,5,in,test,OFF,ON,fixed,gathered_attention,256,12,0.7690157890319824,11376.900390625,0.7700603008270264,3221.05615234375
ax34uc7t,noble-wave-1048,add,Binary Addition,5,in,test,ON,OFF,fixed,gathered_attention,256,12,0.8251953125,8588.4873046875,0.8224419951438904,811.311279296875
ax34uc7t,noble-wave-1048,add,Binary Addition,5,in,test,ON,ON,fixed,gathered_attention,256,12,0.7890083193778992,10358.2607421875,0.7879774570465088,986.8290405273438
hx886dg6,vibrant-field-1049,binary_multiply,Binary Multiplication,5,in,test,ON,OFF,fixed,gathered_attention,256,12,0.8146295547485352,9121.9619140625,0.8166368007659912,970.518310546875
hx886dg6,vibrant-field-1049,binary_multiply,Binary Multiplication,5,in,test,ON,ON,fixed,gathered_attention,256,12,0.7444390654563904,12587.8271484375,0.7493897676467896,1339.589111328125
0f3bs9mi,zany-mountain-1050,binary_multiply,Binary Multiplication,5,in,test,OFF,OFF,fixed,gathered_attention,256,12,0.8382975459098816,7965.080078125,0.8518338203430176,778.237548828125
0f3bs9mi,zany-mountain-1050,binary_multiply,Binary Multiplication,5,in,test,OFF,ON,fixed,gathered_attention,256,12,0.6700981855392456,16290.3359375,0.6703423857688904,5652.15576171875
